Organization/Person Name,Organization/Person Name URL,Location,Industries,Number of Portfolio Organizations,Number of Exits,Number of Investments,Contact Email,Website
Lakestar,https://www.crunchbase.com/organization/lakestar,"Zürich, Zurich, Switzerland","FinTech, Real Estate, Telecommunications",124,28,196,IR@lakestar.com,http://www.lakestar.com
HTGF (High-Tech Gruenderfonds),https://www.crunchbase.com/organization/high-tech-gründerfonds,"Bonn, Nordrhein-Westfalen, Germany","Hardware, Health Care, Software, Venture Capital",666,126,954,info@htgf.de,https://www.htgf.de
Norrsken VC,https://www.crunchbase.com/organization/norrsken-vc,"Stockholm, Stockholms Lan, Sweden","Business Development, Financial Services, Venture Capital",62,2,90,info@norrsken.vc,https://www.norrsken.org/norrskenvc
Hummingbird Ventures,https://www.crunchbase.com/organization/hummingbird-ventures,"Watermael-boitsfort, Brussels Hoofdstedelijk Gewest, Belgium","Finance, Financial Services, Life Science, Therapeutics, Venture Capital",76,13,127,hello@hummingbird.vc,http://www.hummingbird.vc
Santander,https://www.crunchbase.com/organization/banco-santander,"Boadilla Del Monte, Madrid, Spain","Banking, Commercial Lending, Finance, Financial Services, Personal Finance",84,31,87,accionistas@santander.com,https://www.santander.com/
Haatch,https://www.crunchbase.com/organization/haatch,"Stamford, Lincolnshire, United Kingdom","Angel Investment, Finance, Venture Capital",132,4,199,hello@haatch.com,http://www.haatch.com
Verdane,https://www.crunchbase.com/organization/verdane,"Oslo, Oslo, Norway","Finance, Financial Services, Impact Investing, Venture Capital",104,28,124,office@verdane.com,http://www.verdane.com
Passion Capital,https://www.crunchbase.com/organization/passion-capital,"London, England, United Kingdom","Finance, Financial Services, Venture Capital",96,25,186,info@passioncapital.com,https://www.passioncapital.com/
Alven,https://www.crunchbase.com/organization/alven-capital,"Paris, Ile-de-France, France","Blockchain, Consumer Applications, Cryptocurrency, Data Management, Developer Tools, Financial Services, FinTech, Gaming, Information Technology, Venture Capital",133,39,237,contact@alven.com,https://www.alven.co/
Revent,https://www.crunchbase.com/organization/revent-capital,"Berlin, Berlin, Germany","EdTech, Education, Financial Services, FinTech, Government, Health Care",25,1,34,info@revent.vc,https://www.revent.vc/
Capnamic,https://www.crunchbase.com/organization/capnamic-ventures,"Cologne, Nordrhein-Westfalen, Germany","Finance, Financial Services, Venture Capital",73,19,126,info@capnamic.com,http://capnamic.com
468 Capital,https://www.crunchbase.com/organization/468-capital,"Berlin, Berlin, Germany","Finance, Financial Services, Venture Capital",123,11,154,contact@468cap.com,https://www.468cap.com
KAYA,https://www.crunchbase.com/organization/kaya-8ed9,"Prague, Hlavni mesto Praha, Czech Republic","Finance, Financial Services, Venture Capital",45,10,68,info@kaya.vc,https://www.kaya.vc/
BNP Paribas,https://www.crunchbase.com/organization/bnp-paribas,"Paris, Ile-de-France, France","Banking, Consumer Lending, Financial Services, Innovation Management, Wealth Management",193,68,206,enquiries@au.bnpparibas.com,https://group.bnpparibas
AVP,https://www.crunchbase.com/organization/axa-strategic-ventures,"Paris, Ile-de-France, France","Finance, Financial Services, Venture Capital",88,17,127,sebastien.loubry@avpcap.com,https://www.avpcap.com 
The Twenty Minute VC,https://www.crunchbase.com/organization/the-twenty-minute-vc,"London, England, United Kingdom","Business Development, Finance, Podcast, Venture Capital",58,6,62,amy@x.ai,http://www.thetwentyminutevc.com
Target Global,https://www.crunchbase.com/organization/target-ventures,"London, England, United Kingdom","Finance, Financial Services, FinTech, Venture Capital",138,24,224,info@targetglobal.vc,http://www.targetglobal.vc
CVC Capital Partners,https://www.crunchbase.com/organization/cvc-capital-partners,"Luxembourg, Luxembourg, Luxembourg","Finance, Financial Services, Venture Capital",90,41,92,info@cvc.com,http://www.cvc.com
Pitchdrive,https://www.crunchbase.com/organization/pitchdrive,"Antwerp, Antwerpen, Belgium","Financial Services, Internet",53,4,64,info@pitchdrive.com,https://www.pitchdrive.com
Maven Capital Partners,https://www.crunchbase.com/organization/maven-capital-partners,"Glasgow, Glasgow City, United Kingdom","Finance, Financial Services, Funding Platform, Venture Capital",174,33,205,enquiries@mavencp.com,https://www.mavencp.com/
Verve Ventures,https://www.crunchbase.com/organization/verve-ventures,"Zug, Zug, Switzerland","Business Development, Consulting, Financial Services, FinTech, Venture Capital",162,25,244,info@verve.vc,http://verve.vc
Future Energy Ventures,https://www.crunchbase.com/organization/future-energy-ventures,"Berlin, Berlin, Germany","Energy, Green Building, Transportation, Venture Capital",61,11,86,contact@fev.vc,https://fev.vc
Seraphim Space,https://www.crunchbase.com/organization/seraphim-capital,"London, England, United Kingdom","Finance, Financial Services, Venture Capital",104,7,147,ea@seraphim.vc,https://seraphim.vc
K Fund,https://www.crunchbase.com/organization/kfund,"Madrid, Madrid, Spain","Finance, Financial Services, Venture Capital",76,9,112,info@kfund.vc,http://kfund.vc
Par Equity,https://www.crunchbase.com/organization/par-equity,"Edinburgh, Edinburgh, City of, United Kingdom","Financial Services, FinTech, Impact Investing, Venture Capital",85,16,370,info@parequity.com,http://www.parequity.com
Amadeus Capital Partners,https://www.crunchbase.com/organization/amadeus-capital-partners,"Cambridge, Cambridgeshire, United Kingdom","Finance, Financial Services, Venture Capital",146,60,281,info@amadeuscapital.com,https://amadeuscapital.com
Ascension,https://www.crunchbase.com/organization/ascension-ventures-limited,"London, England, United Kingdom","Financial Services, FinTech, Venture Capital",204,24,296,info@ascension.vc,https://www.ascension.vc
Atlantic Labs,https://www.crunchbase.com/organization/atlantic-labs,"Berlin, Berlin, Germany",Venture Capital,131,30,233,info@atlanticlabs.de,http://www.atlanticlabs.de
Inveready,https://www.crunchbase.com/organization/inveready-technology-investment-group,"San Sebastian, Pais Vasco, Spain","Finance, Financial Services, Venture Capital",218,43,265,info@inveready.com,https://inveready.com/
SFC Capital,https://www.crunchbase.com/organization/startup-funding-club,"Northwich, Cheshire, United Kingdom",Venture Capital,521,21,700,info@sfccapital.com,http://www.sfccapital.com/
Faber,https://www.crunchbase.com/organization/faber-ventures,"Lisbon, Lisboa, Portugal","Financial Services, Venture Capital",50,8,69,contact@faber.vc,http://faber.vc
Ahren Innovation Capital,https://www.crunchbase.com/organization/ahren-innovation-capital,"London, England, United Kingdom",Venture Capital,25,6,37,info@ahren.co.uk,http://www.ahreninnovationcapital.com/
Draper B1,https://www.crunchbase.com/organization/draper-b1,"Valencia, Comunidad Valenciana, Spain","B2B, B2C, Financial Services, Internet, Mobile, Venture Capital",75,3,102,info@draperb1.vc,https://draperb1.vc/
Superhero Capital,https://www.crunchbase.com/organization/superhero-cap,"Helsinki, Southern Finland, Finland",Venture Capital,54,3,75,nexthero@superherocapital.com,http://superherocapital.com
KOMPAS VC,https://www.crunchbase.com/organization/kompas-fe2f,"Copenhagen, Hovedstaden, Denmark","Financial Services, Impact Investing, Venture Capital",23,1,30,contact@kompas.vc,http://www.kompas.vc
XAnge,https://www.crunchbase.com/organization/xange-private-equity,"Paris, Ile-de-France, France","Finance, Financial Services, Venture Capital",193,55,272,contact@xange.fr,https://www.xange.vc
Ventech,https://www.crunchbase.com/organization/ventech-capital,"Paris, Ile-de-France, France","Finance, Financial Services, FinTech, Venture Capital",131,48,219,contact@ventechvc.com,http://www.ventechvc.com
Seedcamp,https://www.crunchbase.com/organization/seedcamp,"London, England, United Kingdom","Finance, Financial Services, Venture Capital",427,74,632,info@seedcamp.com,http://www.seedcamp.com
Partech,https://www.crunchbase.com/organization/partech,"Paris, Ile-de-France, France","Finance, Financial Services, Venture Capital",388,110,600,media@partechpartners.com,https://partechpartners.com
Barclays,https://www.crunchbase.com/organization/barclays-7c03,"London, England, United Kingdom","Banking, Consumer, Financial Services, Wholesale",57,16,60,quangthong005@gmail.com,https://home.barclays
Anthemis,https://www.crunchbase.com/organization/anthemis-group,"London, England, United Kingdom","Asset Management, Finance, Financial Services, Venture Capital",160,30,263,ecosystemteam@anthemis.com,http://www.anthemis.com
Flyer One Ventures,https://www.crunchbase.com/organization/flyer-one-ventures,"London, England, United Kingdom","B2B, Enterprise Software, Food Delivery, Gamification, Gaming, Machine Learning, Software, Venture Capital, Virtual Workforce",61,5,69,go@flyerone.vc,https://flyerone.vc/
IQ Capital,https://www.crunchbase.com/organization/iq-capital-partners,"London, England, United Kingdom",Venture Capital,89,18,165,hello@iqcapital.vc,http://www.iqcapital.vc
Praetura Ventures,https://www.crunchbase.com/organization/praetura-capital,"Manchester, Manchester, United Kingdom","Financial Services, Venture Capital",76,7,115,ventures@praetura.co.uk,https://www.praeturaventures.com
Intesa Sanpaolo,https://www.crunchbase.com/organization/intesa-sanpaolo,"Turin, Piemonte, Italy","Asset Management, Banking, Financial Services, Insurance",104,34,113,info@intesasanpaolo.com,https://www.intesasanpaolo.com/
NRW.BANK,https://www.crunchbase.com/organization/nrw-bank,"Düsseldorf, Nordrhein-Westfalen, Germany","Angel Investment, Biotechnology, Semiconductor",77,15,107,info@nrwbank.de,http://www.nrwbank.de
CapitalT,https://www.crunchbase.com/organization/capitalt,"Amsterdam, Noord-Holland, The Netherlands","Education, GreenTech, Human Resources, Social, Software, Sustainability, Web3",25,1,30,janneke@capitaltvc.com,https://www.capitaltvc.com/
OSS Ventures,https://www.crunchbase.com/organization/oss-ventures,"Paris, Ile-de-France, France","Manufacturing, Software, Venture Capital",8,,12,admin@oss.ventures,https://www.oss.ventures
Luminar Ventures,https://www.crunchbase.com/organization/luminar-ventures,"Stockholm, Stockholms Lan, Sweden","Big Data, Education, Finance, Financial Services, Information Technology, Venture Capital",38,2,58,info@luminarventures.com,https://www.luminarventures.com/
Suma Capital,https://www.crunchbase.com/organization/suma-capital,"Barcelona, Catalonia, Spain",Venture Capital,30,3,30,info@sumacapital.com,http://www.sumacapital.com
Startup Wise Guys,https://www.crunchbase.com/organization/startup-wise-guys,"Tallinn, Harjumaa, Estonia","Banking, Financial Services, Venture Capital",451,13,629,info@startupwiseguys.com,https://startupwiseguys.com/
Entrepreneurs First,https://www.crunchbase.com/organization/entrepreneur-first,"London, England, United Kingdom","Artificial Intelligence (AI), Finance, Financial Services, FinTech, Venture Capital",354,40,467,info@joinef.com,http://www.joinef.com
Lifeline Ventures,https://www.crunchbase.com/organization/lifeline-ventures,"Helsinki, Southern Finland, Finland","Finance, Financial Services, FinTech, Venture Capital",114,20,179,timo@lifelineventures.com,http://www.lifelineventures.com
Newfund,https://www.crunchbase.com/organization/newfund-management,"Paris, Ile-de-France, France","Business Development, Finance, Financial Services, Venture Capital",158,34,205,contact@newfundcap.com,http://www.newfundcap.com
Kickfund,https://www.crunchbase.com/organization/kickfund,"Basel, Basel-Stadt, Switzerland",Venture Capital,28,1,29,info@kickfund.ch,https://www.kickfund.ch/
noa,https://www.crunchbase.com/organization/a-o-proptech,"London, England, United Kingdom","Commercial Real Estate, Construction, Finance, Financial Services, PropTech, Real Estate, Real Estate Investment, Smart Cities, Sustainability, Venture Capital",29,2,43,info@noavc.com,https://www.noavc.com/
United Ventures,https://www.crunchbase.com/organization/united-ventures,"Milan, Lombardia, Italy","Enterprise Software, Financial Services, FinTech",45,9,69,info@unitedventures.it,https://unitedventures.com
Balderton Capital,https://www.crunchbase.com/organization/balderton-capital,"London, England, United Kingdom","Finance, Financial Services, Venture Capital",241,91,443,inbound@balderton.com,http://www.balderton.com
42CAP,https://www.crunchbase.com/organization/42cap,"Munich, Bayern, Germany","SaaS, Venture Capital",49,5,83,info@42cap.com,http://www.42cap.com
Inventure,https://www.crunchbase.com/organization/inventure-oy,"Helsinki, Southern Finland, Finland","Finance, Financial Services, Venture Capital",100,20,160,hello@inventure.vc,https://inventure.vc/
Banco BPM,https://www.crunchbase.com/organization/banco-bpm,"Milan, Lombardia, Italy","Banking, Commercial, Finance, Financial Services",38,13,38,investor.relations@bancobpm.it,https://www.bancobpm.it/
NatWest Group,https://www.crunchbase.com/organization/royal-bank-of-scotland,"Edinburgh, Edinburgh, City of, United Kingdom","Banking, Finance, Financial Services, Wealth Management",55,20,63,in.service@rbs.com,https://natwestgroup.com
Notion Capital,https://www.crunchbase.com/organization/notion-capital,"London, England, United Kingdom","Finance, Financial Services, FinTech, SaaS, Software, Venture Capital",152,33,247,info@notion.vc,https://notion.vc
HV Capital,https://www.crunchbase.com/organization/holtzbrinck-ventures,"Munich, Bayern, Germany","Angel Investment, Finance, Financial Services, Venture Capital",245,91,481,info@hvcapital.com,http://www.hvcapital.com
Seedrs,https://www.crunchbase.com/organization/seedrs,"London, England, United Kingdom","Crowdfunding, Finance, Financial Services, Funding Platform, Venture Capital",246,24,323,support@seedrs.com,http://www.seedrs.com
Northstar Ventures,https://www.crunchbase.com/organization/northstar-ventures,"Newcastle Upon Tyne, Newcastle upon Tyne, United Kingdom","Angel Investment, Financial Services, Impact Investing, Social Impact, Venture Capital",287,28,544,hello@northstarventures.co.uk,http://www.northstarventures.co.uk
Revo Capital,https://www.crunchbase.com/organization/revo-capital,"Istanbul, Istanbul, Turkey","Artificial Intelligence (AI), B2B, B2C, Big Data, FinTech, mHealth, PaaS",43,9,68,info@revo.vc,http://www.revo.vc
Btomorrow Ventures,https://www.crunchbase.com/organization/btomorrow-ventures,"London, England, United Kingdom","Finance, Financial Services, Venture Capital",23,2,42,contact@btomorrowv.com,https://www.btomorrowv.com
Episode 1,https://www.crunchbase.com/organization/episode,"London, England, United Kingdom","Enterprise Software, Finance, Financial Services, Venture Capital",67,8,125,info@episode1.com,http://www.episode1.com
Demeter,https://www.crunchbase.com/organization/demeter-1e8a,"Paris, Ile-de-France, France","CleanTech, Financial Services, Product Design, Venture Capital",65,5,86,contact@demeter-im.com,http://demeter-im.com/en
Anterra Capital,https://www.crunchbase.com/organization/anterra-capital,"Amsterdam, Noord-Holland, The Netherlands","AgTech, Financial Services, Food and Beverage, Supply Chain Management, Venture Capital",26,4,53,office@anterracapital.com,http://www.anterracapital.com/
Visionaries Club,https://www.crunchbase.com/organization/visionaries-club,"Berlin, Berlin, Germany","Angel Investment, Financial Services, Venture Capital",45,3,69,hi@visionariesclub.vc,https://visionaries.vc
Development Bank of Wales,https://www.crunchbase.com/organization/development-bank-of-wales,"Cardiff, Cardiff, United Kingdom","Banking, Commercial, Commercial Lending, Finance, Financial Services",226,28,285,info@developmentbank.wales,https://developmentbank.wales/
Seedstars,https://www.crunchbase.com/organization/seedstars,"Geneva, Geneve, Switzerland","Finance, Financial Services, Venture Capital",146,8,161,info@seedstars.com,https://www.seedstars.com/
Planet A Ventures,https://www.crunchbase.com/organization/planet-a-ventures,"Berlin, Berlin, Germany",Venture Capital,24,,36,startups@planet-a.com,https://planet-a.com/#contact
GSR,https://www.crunchbase.com/organization/gsr,"London, England, United Kingdom","Blockchain, Cryptocurrency, FinTech, Trading Platform",174,4,182,gsr@gsr.io,https://www.gsr.io
Parkwalk Advisors,https://www.crunchbase.com/organization/parkwalk-advisors,"London, England, United Kingdom","Finance, Financial Services, Venture Capital",165,30,325,enquiries@parkwalkadvisors.com,https://parkwalkadvisors.com/
Contrarian Ventures,https://www.crunchbase.com/organization/contrarian-ventures,"Vilnius, Vilniaus Apskritis, Lithuania",Venture Capital,27,1,46,info@cventures.vc,http://cventures.vc/
Vento,https://www.crunchbase.com/organization/vento-db57,"Torino, Piemonte, Italy",Venture Capital,15,,17,info@vento.ventures,https://www.vento.ventures
Acurio Ventures,https://www.crunchbase.com/organization/acurio-ventures,"Bilbao, Pais Vasco, Spain","B2B, B2C, E-Commerce, Financial Services, FinTech, Internet, Marketplace, Venture Capital",73,9,99,hello@acurio.vc,http://www.acurio.vc
Ledger,https://www.crunchbase.com/organization/ledger-2,"Paris, Ile-de-France, France","Cryptocurrency, Cyber Security, Infrastructure, SaaS",5,,5,media@ledger.com,https://www.ledger.com
Auxxo,https://www.crunchbase.com/organization/auxxo,"Berlin, Berlin, Germany","Business Development, Financial Services, Impact Investing, Women's",25,1,35,partners@auxxo.de,https://www.auxxo.de/
Redstone.VC,https://www.crunchbase.com/organization/redstone-digital-gmbh,"Berlin, Berlin, Germany","Analytics, Business Development, Business Intelligence, Financial Services, FinTech, Venture Capital",92,9,115,info@redstone.vc,http://www.redstone.vc
Banco Bilbao Vizcaya Argentaria,https://www.crunchbase.com/organization/banco-bilbao-vizcaya-argentaria,"Bilbao, Pais Vasco, Spain","Banking, Big Data, Finance, Financial Services, FinTech",27,9,35,infobbvaresponde@bbva.com,https://www.bbva.com/
360 Capital,https://www.crunchbase.com/organization/360-capital-partners,"Paris, Ile-de-France, France","Finance, Financial Services, Venture Capital",136,45,227,info@360cap.vc,https://360cap.vc/
Eleven Ventures,https://www.crunchbase.com/organization/eleven,"Sofia, Grad Sofiya, Bulgaria","Consulting, Finance, Financial Services",163,8,320,eleven@11.me,http://11.vc
Enterprise Ireland,https://www.crunchbase.com/organization/enterprise-ireland,"Dublin, Dublin, Ireland","Enterprise Software, Finance, Venture Capital",674,114,836,equitydept@enterprise-ireland.com,http://enterprise-ireland.com
BY Venture Partners,https://www.crunchbase.com/organization/by-venture-partners,"St. Helier, NA - Jersey, Jersey","Asset Management, Financial Services, Venture Capital",48,7,58,info@byvp.com,https://byvp.com/
Simon Capital,https://www.crunchbase.com/organization/simon-capital,"Düsseldorf, Nordrhein-Westfalen, Germany","Financial Services, Impact Investing, Venture Capital",12,,13,hello@simoncapital.com,https://www.simoncapital.com
Alliance VC,https://www.crunchbase.com/organization/alliance-venture,"Oslo, Oslo, Norway",Venture Capital,47,9,69,hello@alliance.vc,https://alliance.vc
Scottish Equity Partners,https://www.crunchbase.com/organization/scottish-equity-partners,"Glasgow, Glasgow City, United Kingdom","Finance, Financial Services, Venture Capital",103,61,165,enquiries@sep.co.uk,http://www.sep.co.uk
Bitfury Group,https://www.crunchbase.com/organization/bitfury,"Amsterdam, Noord-Holland, The Netherlands","Bitcoin, Blockchain, Data Center, FinTech, Hardware, Information Services, Information Technology, Mining, Mining Technology",6,1,7,info@bitfury.com,http://www.bitfury.com
JME Ventures,https://www.crunchbase.com/organization/fundacin-jos-manuel-entrecanales,"Madrid, Madrid, Spain","Angel Investment, Finance, Financial Services, FinTech, Impact Investing, Venture Capital",70,8,103,backme@jme.vc,http://www.jme.vc/
Ring Capital,https://www.crunchbase.com/organization/ring-capital,"Paris, Ile-de-France, France","Finance, Financial Services, Venture Capital",47,4,50,contact@ringcp.com,http://www.ringcp.com
Innovestor,https://www.crunchbase.com/organization/innovestor,"Helsinki, Southern Finland, Finland","Angel Investment, Finance, Financial Services, Venture Capital",65,4,76,info@innovestor.fi,http://www.innovestorgroup.com/
Banco Sabadell,https://www.crunchbase.com/organization/banco-sabadell,"Barcelona, Catalonia, Spain","Banking, Finance, Financial Services",55,14,63,info@bancsabadell.com,http://www.bancsabadell.com
IBB Ventures,https://www.crunchbase.com/organization/ibb,"Berlin, Berlin, Germany","Finance, Financial Services, Venture Capital",176,40,249,info@ibbventures.de,https://www.ibbventures.de/
Scientifica Venture Capital,https://www.crunchbase.com/organization/scientifica-venture-capital,"Roma, Lazio, Italy","Angel Investment, Impact Investing, Venture Capital",12,,13,info@scientifica.vc,https://scientifica.vc/#/home
Teya,https://www.crunchbase.com/organization/teya-34fe,"London, England, United Kingdom","Financial Services, FinTech, Information Technology",5,,6,press@teya.com,https://www.teya.com
Mangrove Capital Partners,https://www.crunchbase.com/organization/mangrove-capital-partners,"Luxembourg, Luxembourg, Luxembourg","Finance, Financial Services, Internet, Venture Capital",108,29,177,deals@mangrove.vc,http://www.mangrove.vc/
Pi Labs,https://www.crunchbase.com/organization/pi-labs-2,"London, England, United Kingdom","Finance, Innovation Management, Venture Capital",83,11,103,info@pilabs.vc,http://www.pilabs.vc
Foundamental,https://www.crunchbase.com/organization/foundamental,"Berlin, Berlin, Germany","Architecture, Building Maintenance, Construction, Home Improvement, Home Renovation, Human Resources, Real Estate, Robotics, Venture Capital",61,6,97,hello@foundamental.com,https://foundamental.com
Playfair Capital,https://www.crunchbase.com/organization/playfair-capital,"London, England, United Kingdom","Financial Services, FinTech, Venture Capital",83,14,125,hello@playfair.vc,http://playfair.vc
Orange Ventures,https://www.crunchbase.com/organization/orange-digital-ventures,"Paris, Ile-de-France, France","Big Data, Enterprise Software, Finance, Financial Services, FinTech, Internet of Things, Venture Capital, Wireless",58,9,72,digital.ventures@orange.com,http://ventures.orange.com/
Rabobank,https://www.crunchbase.com/organization/rabobank,"Utrecht, Utrecht, The Netherlands","Banking, Finance, Financial Services, Wealth Management",158,39,168,contact@rabobank.com,http://www.rabobank.com
bmp Ventures,https://www.crunchbase.com/organization/bmp-ag,"Berlin, Berlin, Germany","E-Commerce, Financial Services, Health Care, Industrial, Information Technology, Internet, Medical, Software, Venture Capital",96,18,114,info@bmp.com,http://www.bmp.com
Bayern Kapital,https://www.crunchbase.com/organization/bayern-kapital,"Landshut, Bayern, Germany","Business Development, Financial Services, Venture Capital",170,30,263,info@bayernkapital.de,https://bayernkapital.de
Scottish Enterprise,https://www.crunchbase.com/organization/scottish-enterprise,"Glasgow, Glasgow City, United Kingdom","Finance, Government, Venture Capital",258,32,351,enquiries@scotent.co.uk,http://www.scottish-enterprise.com/
Movens Capital,https://www.crunchbase.com/organization/movens-capital,"Warsaw, Mazowieckie, Poland","Marketplace, SaaS, Venture Capital",24,,33,info@movenscapital.com,https://www.movenscapital.com
Bitpanda,https://www.crunchbase.com/organization/bitpanda,"Vienna, Wien, Austria","Bitcoin, Blockchain, Cryptocurrency, FinTech",3,,3,support@bitpanda.com,https://www.bitpanda.com
AENU,https://www.crunchbase.com/organization/aenu,"Berlin, Berlin, Germany","Impact Investing, Venture Capital",34,,47,hello@aenu.com,https://www.aenu.com
LUMO labs,https://www.crunchbase.com/organization/lumo-labs,"Eindhoven, Noord-Brabant, The Netherlands","Business Development, Construction, Education, Health Care, Incubators, Real Estate, Software, Venture Capital",31,,36,questions@lumolabs.io,http://www.lumolabs.io
Isai,https://www.crunchbase.com/organization/isai,"Paris, Ile-de-France, France","Finance, Financial Services, FinTech, Venture Capital",94,26,150,info@isai.fr,https://www.isai.fr/
DFINITY,https://www.crunchbase.com/organization/dfinity,"Zürich, Zurich, Switzerland","Artificial Intelligence (AI), Blockchain, Cloud Computing, Cryptocurrency, Internet, Software, Web Development",6,,6,comms@dfinity.org,https://internetcomputer.org/
RockawayX,https://www.crunchbase.com/organization/rockaway-blockchain,"Zürich, Zurich, Switzerland","Blockchain, Cryptocurrency, Financial Services, FinTech, Venture Capital",39,1,41,contact@rockawayx.com,https://rockawayx.com/
TGFS - Technologiegründerfonds Sachsen,https://www.crunchbase.com/organization/technologiegrnderfonds-sachsen,"Leipzig, Sachsen, Germany","Enterprise Software, Venture Capital",100,9,143,info@tgfs.de,https://www.cfh.de
Primo Capital,https://www.crunchbase.com/organization/barcamper-ventures,"Milan, Lombardia, Italy","CleanTech, Finance, Financial Services, Health Care, Software, Venture Capital",50,8,70,info@primo.vc,https://primo.vc
Alma Mundi Ventures,https://www.crunchbase.com/organization/alma-mundi-venture,"Madrid, Madrid, Spain","Financial Services, FinTech, InsurTech, Venture Capital",70,8,104,contact@mundiventures.com,http://mundiventures.com/
Spintop Ventures,https://www.crunchbase.com/organization/spintop-ventures,"Östersund, Jamtlands Lan, Sweden","Finance, Financial Services, Venture Capital",46,10,63,finn.persson@spintopventures.com,http://spintopventures.com
UVC Partners,https://www.crunchbase.com/organization/uvc-partners,"Garching, Bayern, Germany","Finance, Financial Services, Venture Capital",57,9,117,pitch@uvcpartners.com,http://www.uvcpartners.com/
redalpine,https://www.crunchbase.com/organization/redalpine-venture-partners,"Zürich, Zurich, Switzerland",Venture Capital,85,15,166,info@redalpine.com,http://www.redalpine.com
HCVC,https://www.crunchbase.com/organization/hardwareclub,"Paris, Ile-de-France, France","Financial Services, Hardware, Venture Capital",53,6,82,contact@hardwareclub.co,http://hcvc.co/
Atomico,https://www.crunchbase.com/organization/atomico,"London, England, United Kingdom","Angel Investment, Financial Services, FinTech, Impact Investing, Venture Capital",157,44,253,contact@atomico.com,http://www.atomico.com
Angular Ventures,https://www.crunchbase.com/organization/angular-ventures,"London, England, United Kingdom","Finance, Financial Services, Venture Capital",37,5,60,info@angularventures.com,http://www.angularventures.com
Shilling,https://www.crunchbase.com/organization/shilling-capital-partners,"Lisbon, Lisboa, Portugal","Angel Investment, Venture Capital",56,6,69,team@shilling.vc,https://www.shilling.vc/
P101,https://www.crunchbase.com/organization/programma-101,"Milan, Lombardia, Italy","Angel Investment, Finance, Financial Services, Venture Capital",57,17,99,info@p101.it,https://www.p101.it/en/
Indico Capital Partners,https://www.crunchbase.com/organization/indico-capital-partners,"Lisbon, Lisboa, Portugal","Financial Services, Marketplace, Software, Venture Capital",41,1,58,investors@indicocapital.com,https://www.indicocapital.com/
SCVC,https://www.crunchbase.com/organization/science-creates-ventures,"Bristol, Bristol, City of, United Kingdom","Biotechnology, Financial Services, Health Care, Incubators, Industrial, Internet, Life Science, Medical, Venture Capital",15,,19,info@scvc.com,https://www.scvc.com
Adara Ventures,https://www.crunchbase.com/organization/adara-venture-partners,"Luxembourg, Luxembourg, Luxembourg","Big Data, Energy, Information Technology, SaaS, Software, Venture Capital",50,13,78,info@adara.vc,http://www.adara.vc
Future Planet Capital,https://www.crunchbase.com/organization/future-planet-capital,"London, England, United Kingdom","Impact Investing, Venture Capital",186,23,389,info@futureplanetcapital.com,https://futureplanetcapital.com
ROM Utrecht Region,https://www.crunchbase.com/organization/rom-utrecht-region-27bc,"Utrecht, Utrecht, The Netherlands","Angel Investment, Business Development, Professional Services, Trading Platform, Venture Capital",19,,20,info@romutrechtregion.nl,https://www.romutrechtregion.nl/
Polytechnique Ventures,https://www.crunchbase.com/organization/polytechnique-ventures,"Paris, Ile-de-France, France","Finance, Financial Services, Social Entrepreneurship, Venture Capital",16,,18,contact@polytechnique-ventures.fr,https://www.polytechnique-ventures.fr/?lang=en
Greencode Ventures,https://www.crunchbase.com/organization/greencode-ventures,"Helsinki, Southern Finland, Finland",Venture Capital,11,,11,hello@greencode.vc,https://greencode.vc
LEA Partners,https://www.crunchbase.com/organization/lea-partners,"Karlsruhe, Baden-Wurttemberg, Germany","B2B, Supply Chain Management, Venture Capital",30,5,42,info@leapartners.de,http://www.leapartners.de
Schroders,https://www.crunchbase.com/organization/schroders-plc,"London, England, United Kingdom","Asset Management, Finance, Financial Services",17,6,21,investorservices@schroders.com,https://www.schroders.com/
Cardano Foundation,https://www.crunchbase.com/organization/cardano-foundation,"Zug, Zug, Switzerland","Application Performance Management, Bitcoin, Blockchain, Consumer Applications, Cryptocurrency, Developer APIs, Finance, Open Source",4,,4,info@cardanofoundation.org,https://cardanofoundation.org
Tera Ventures,https://www.crunchbase.com/organization/tera-ventures,"Tallinn, Harjumaa, Estonia","Artificial Intelligence (AI), B2B, Cyber Security, E-Commerce, Enterprise Software, Finance, Financial Services, Legal Tech, Product Design, PropTech",37,8,62,tera@tera.vc,https://tera.vc/
Aave,https://www.crunchbase.com/organization/ethlend,"London, England, United Kingdom","Cryptocurrency, Decentralized Finance (DeFi), Finance, Financial Services, FinTech, Open Source, Peer to Peer, Software, Venture Capital, Web3",9,,9,wow@aave.com,https://aave.com/
Karista,https://www.crunchbase.com/organization/karista,"Paris, Ile-de-France, France",Venture Capital,94,32,144,contact@karista.vc,https://www.karista.vc/
Wayra,https://www.crunchbase.com/organization/wayra,"Madrid, Madrid, Spain","Business Development, Incubators, Innovation Management",685,53,"1,136",wayra@wayra.org,https://www.wayra.com
SHIFT Invest,https://www.crunchbase.com/organization/shift-invest,"Amstelveen, Noord-Holland, The Netherlands","Finance, Financial Services, Venture Capital",40,2,54,info@shiftinvest.com,http://www.shiftinvest.com/
Supernode Global,https://www.crunchbase.com/organization/rooks-nest-ventures,"London, England, United Kingdom","Finance, Financial Services, Venture Capital",32,2,35,info@supernodeglobal.com,https://www.supernodeglobal.com
Ananda Impact Ventures,https://www.crunchbase.com/organization/ananda-ventures-gmbh-social-venture-fund,"Munich, Bayern, Germany","Finance, Impact Investing, Venture Capital",45,4,63,info@ananda.vc,https://ananda.vc/
First Momentum Ventures,https://www.crunchbase.com/organization/first-momentum-ventures,"Karlsruhe, Baden-Wurttemberg, Germany","Information Technology, Venture Capital",35,2,48,founders@firstmomentum.vc,https://firstmomentum.vc
Mercuri,https://www.crunchbase.com/organization/mercuri-vc,"London, England, United Kingdom","Business Development, Financial Services, Venture Capital",40,1,71,info@mercuri.vc,https://www.mercuri.vc
Hiro Capital,https://www.crunchbase.com/organization/hiro-capital,"London, England, United Kingdom","eSports, Gaming, Venture Capital, Video Games, Wearables",36,5,43,enquiries@hiro.capital,https://hiro.capital/
Cambridge Innovation Capital,https://www.crunchbase.com/organization/cambridge-innovation-capital,"Cambridge, Cambridgeshire, United Kingdom","Finance, Financial Services, Intellectual Property, Venture Capital",44,9,92,enquiries@cic.vc,https://www.cic.vc
C4 Ventures,https://www.crunchbase.com/organization/c4-ventures,"Paris, Ile-de-France, France","Finance, Financial Services, Venture Capital",49,14,67,hello@c4v.com,http://c4v.com/
OpenOcean,https://www.crunchbase.com/organization/open-ocean,"Helsinki, Southern Finland, Finland","B2B, Big Data, Enterprise Software, Quantum Computing, Software, Venture Capital",47,17,87,info@openocean.vc,https://openocean.vc
Icebreaker.vc,https://www.crunchbase.com/organization/icebreaker-vc,"Helsinki, Southern Finland, Finland","Angel Investment, Finance, Venture Capital",76,4,123,info@icebreaker.vc,https://icebreaker.vc/
Blockwall,https://www.crunchbase.com/organization/blockwall-management-gmbh,"Frankfurt, Hessen, Germany","Blockchain, Financial Services, Venture Capital",25,1,27,hello@blockwall.vc,https://www.blockwall.vc
Turkey Development Fund,https://www.crunchbase.com/organization/turkey-development-fund,"Umraniye, Istanbul, Turkey","Finance, Financial Services, Venture Capital",151,,153,info-tkf@kalkinma.com.tr,https://www.turkiyekalkinmafonu.com.tr/
Bek Ventures,https://www.crunchbase.com/organization/bek-ventures,"Luxembourg, Luxembourg, Luxembourg","Business Development, Finance, Financial Services, Venture Capital",36,7,84,contact@bekventures.com,https://www.bekventures.com/
Fabric Ventures,https://www.crunchbase.com/organization/fabric-ventures,"London, England, United Kingdom","Blockchain, Cryptocurrency, Financial Services, Venture Capital",97,2,106,info@fabric.vc,https://www.fabric.vc/
Flashpoint,https://www.crunchbase.com/organization/flashpointvc,"London, England, United Kingdom","Financial Services, Venture Capital",52,9,82,hello@flashpointvc.com,http://www.flashpointvc.com/
Bullnet Capital,https://www.crunchbase.com/organization/bullnet-gestion,"Pozuelo De Alarcón, Madrid, Spain",Venture Capital,27,6,49,julecia@bullnetcapital.com,http://www.bullnetcapital.com/
PUSH VC,https://www.crunchbase.com/organization/push-ventures,"Vienna, Wien, Austria","Finance, GreenTech, Health Care, Venture Capital",27,5,35,office@push.vc,https://www.push.vc
BREEGA,https://www.crunchbase.com/organization/breega-capital,"Paris, Ile-de-France, France","FinTech, Impact Investing, InsurTech, Venture Capital",94,15,128,com@breega.com,https://www.breega.com/
NLC,https://www.crunchbase.com/organization/nlc-accelerating-healthtech-inventions,"Amsterdam, Noord-Holland, The Netherlands","Biopharma, Health Care, Health Diagnostics, Innovation Management, Medical, Medical Device, mHealth, Personal Health, Venture Capital",37,,42,info@nlc.health,https://nlc.health/
World Fund,https://www.crunchbase.com/organization/world-fund,"Berlin, Berlin, Germany","Finance, Financial Services, Venture Capital",19,,26,brightfuture@worldfund.vc,https://www.worldfund.vc/
Hexa,https://www.crunchbase.com/organization/efounders,"Paris, Ile-de-France, France","B2B, Blockchain, FinTech, Internet, SaaS, Software, Web3",24,7,50,love@hexa.cc,https://www.hexa.com
Zürcher Kantonal Bank,https://www.crunchbase.com/organization/zürcher-kantonalbank,"Zürich, Zurich, Switzerland","Banking, Finance, Financial Services",130,16,182,socialmedia@zkb.ch,https://www.zkb.ch
Lisk,https://www.crunchbase.com/organization/lisk,"Zug, Zug, Switzerland","Blockchain, Cryptocurrency, Developer Tools, Open Source, Software",2,,2,business@lisk.io,https://lisk.com
Wind Capital,https://www.crunchbase.com/organization/wind-capital,"Paris, Ile-de-France, France","Financial Services, Lending, Venture Capital",56,8,57,hello@wind.capital,https://wind.capital/
Sunfish Partners,https://www.crunchbase.com/organization/sunfish-partners,"Warsaw, Mazowieckie, Poland","Financial Services, Health Care, Information Technology, Internet, Software",21,1,27,info@sunfish.vc,https://sunfish.vc
DvH Ventures,https://www.crunchbase.com/organization/dvh-ventures,"Köln, Nordrhein-Westfalen, Germany","Education, FinTech, Health Care, Venture Capital",39,6,65,deals@dvhventures.de,http://dvhventures.de/
Fasanara Capital,https://www.crunchbase.com/organization/fasanara-capital,"London, England, United Kingdom","Asset Management, Financial Services, Hedge Funds",55,3,75,investor.relations@fasanara.com,https://www.fasanara.com
True.,https://www.crunchbase.com/organization/trueglobal,"London, England, United Kingdom","Finance, Financial Services, Venture Capital",64,5,73,enquiries@true.global,http://www.true.global
Credo Ventures,https://www.crunchbase.com/organization/credo-ventures,"Prague, Hlavni mesto Praha, Czech Republic","Finance, Financial Services, Information Technology, Internet, Venture Capital",78,17,127,info@credoventures.com,http://www.credoventures.com
Practica Capital,https://www.crunchbase.com/organization/practica-capital,"Vilnius, Vilniaus Apskritis, Lithuania","Business Development, Finance, Financial Services, Venture Capital",72,4,101,info@practica.vc,https://www.practica.vc/
Innovate UK,https://www.crunchbase.com/organization/innovate-u-k-,"Swindon, Wiltshire, United Kingdom","Finance, Financial Services, Government",946,69,"1,172",support@innovateuk.ukri.org,http://www.innovateuk.gov.uk
Atlantic Bridge,https://www.crunchbase.com/organization/atlantic-bridge,"Dublin, Dublin, Ireland","Finance, Financial Services, Venture Capital",87,32,136,info@abven.com,http://www.abven.com
Vireo Ventures,https://www.crunchbase.com/organization/vireo-ventures,"Berlin, Berlin, Germany",Venture Capital,25,,33,hello@vireo.vc,https://www.vireo.vc/
Serena,https://www.crunchbase.com/organization/serena-capital,"Paris, Ile-de-France, France","Finance, Financial Services, Venture Capital",100,23,147,contact@serena.vc,http://www.serena.vc
GoHub Ventures,https://www.crunchbase.com/organization/gohub-ventures,"Valencia, Comunidad Valenciana, Spain","Artificial Intelligence (AI), FinTech, InsurTech, Machine Learning, SaaS, Software",27,,34,contact@gohub.vc,https://gohub.vc/
PT1,https://www.crunchbase.com/organization/proptech1-ventures,"Berlin, Berlin, Germany","Commercial Real Estate, Construction, Energy Efficiency, Energy Storage, Infrastructure, Real Estate, Real Estate Investment, Venture Capital",25,,37,info@pt1.vc,https://pt1.vc
SyndicateRoom,https://www.crunchbase.com/organization/syndicateroom,"Cambridge, Cambridgeshire, United Kingdom","FinTech, Venture Capital",112,9,127,contactus@syndicateroom.com,http://www.syndicateroom.com
Unconventional Ventures,https://www.crunchbase.com/organization/unconventional-ventures-0eb1,"Copenhagen, Hovedstaden, Denmark",Venture Capital,9,,10,hello@unconventional.vc,https://www.unconventional.vc/
Presto Ventures,https://www.crunchbase.com/organization/presto-ventures,"Prague, Hlavni mesto Praha, Czech Republic","Business Development, Finance, Venture Capital",60,2,76,hello@prestoventures.com,https://www.prestoventures.com/
Kindred Capital,https://www.crunchbase.com/organization/kindredcapital,"London, England, United Kingdom","Finance, Financial Services, Venture Capital",54,8,95,hello@kindredcapital.vc,http://www.kindredcapital.vc/
Lunar Ventures,https://www.crunchbase.com/organization/lunar-ventures,"Berlin, Berlin, Germany","Artificial Intelligence (AI), Cloud Computing, Computer Vision, Cyber Security, Finance, Financial Services, Information and Communications Technology (ICT), Machine Learning, Simulation, Venture Capital",24,1,34,hello@lunarventures.eu,http://lunarventures.eu/
Project A Ventures,https://www.crunchbase.com/organization/project-a-ventures,"Berlin, Berlin, Germany","Finance, Financial Services, Venture Capital",120,33,220,info@project-a.com,http://www.project-a.com
Salica,https://www.crunchbase.com/organization/hambroperksltd,"London, England, United Kingdom","Finance, Financial Services, Information Technology, Venture Capital",141,19,195,info@salicainvest.com,https://salicainvestments.com
Global Founders Capital,https://www.crunchbase.com/organization/global-founders-capital,"Berlin, Berlin, Germany","Finance, Financial Services, Impact Investing, Venture Capital",702,105,"1,002",contact@globalfounderscapital.com,https://www.globalfounderscapital.com
The FSE Group,https://www.crunchbase.com/organization/finance-south-east,"Fleet, Hampshire, United Kingdom","Finance, Financial Services, Non Profit, Venture Capital",191,10,226,fundingenquiries@thefsegroup.com,http://www.thefsegroup.com
Fil Rouge Capital (FRC),https://www.crunchbase.com/organization/fil-rouge-capital-frc,"Zagreb, Grad Zagreb, Croatia","Finance, Venture Capital",117,3,149,info@filrougecapital.com,http://www.filrougecapital.com/
Colendi,https://www.crunchbase.com/organization/colendi,"London, England, United Kingdom","Banking, Finance, Financial Services, FinTech, Lending",9,1,10,info@colendi.com,https://www.colendi.com
Eurazeo,https://www.crunchbase.com/organization/eurazeo-com,"Paris, Ile-de-France, France","Asset Management, Finance, Financial Services, FinTech",251,64,314,accueil@eurazeo.com,https://www.eurazeo.com
b2venture,https://www.crunchbase.com/organization/btovpartners,"Berlin, Berlin, Germany","Asset Management, Finance, Financial Services, Venture Capital",147,40,256,berlin@b2venture.vc,http://www.b2venture.vc
Blue Horizon Corporation,https://www.crunchbase.com/organization/blue-horizon-corporation,"Zürich, Zurich, Switzerland","Agriculture, Farming, Finance, Financial Services, Food and Beverage, Food Processing, Sustainability, Venture Capital",65,4,79,info@bluehorizon.com,https://www.bluehorizon.com/
The Yield Lab Europe,https://www.crunchbase.com/organization/the-yield-lab-europe,"Dublin, Dublin, Ireland","Agriculture, AgTech, Aquaculture, Farming, Venture Capital",23,3,32,europe@theyieldlab.com,https://theyieldlab.eu
HBAN,https://www.crunchbase.com/organization/halo-business-angel-network,"Dublin, Dublin, Ireland","Finance, Financial Services, Impact Investing, Venture Capital",55,5,61,info@hban.org,http://www.hban.org
Deloitte,https://www.crunchbase.com/organization/deloitte,"London, England, United Kingdom","Accounting, Consulting, Financial Services, Legal, Professional Services, Risk Management",10,3,11,globalwebmaster@deloitte.com,https://www2.deloitte.com
Green Generation Fund,https://www.crunchbase.com/organization/green-generation-fund,"Berlin, Berlin, Germany","AgTech, Food and Beverage, Green Consumer Goods, GreenTech, Impact Investing, Renewable Energy",19,1,26,info@greengenfund.com,https://www.greengenerationfund.com/
Butterfly Ventures,https://www.crunchbase.com/organization/butterfly-ventures,"Oulu, Oulu, Finland","Banking, Finance, Venture Capital",67,2,77,juho@butterfly.vc,http://butterfly.vc
VentureFriends,https://www.crunchbase.com/organization/venturefriends,"Athens, Attiki, Greece",Venture Capital,63,6,107,info@venturefriends.vc,http://venturefriends.vc
EquityPitcher Ventures,https://www.crunchbase.com/organization/equitypitcher,"Zürich, Zurich, Switzerland",Venture Capital,33,2,42,info@equitypitcher.com,https://equitypitcher.com/
APX,https://www.crunchbase.com/organization/apxberlin,"Berlin, Berlin, Germany","Finance, Financial Services, Venture Capital",135,5,179,hello@apx.vc,https://apx.vc/
Diffusion Capital Partners,https://www.crunchbase.com/organization/diffusion-capital-partners,"Istanbul, Istanbul, Turkey","Financial Services, Venture Capital",32,3,49,contact@dcp.vc,http://www.dcp.vc
Kibo Ventures,https://www.crunchbase.com/organization/kibo-ventures,"Madrid, Madrid, Spain","Finance, Financial Services, Mobile, Venture Capital",74,20,120,hello@kiboventures.com,http://www.kiboventures.com
Delta Partners,https://www.crunchbase.com/organization/delta-partners,"Leopardstown, Dublin, Ireland","Finance, Financial Services, Venture Capital",74,25,103,info@deltapartners.com,http://www.deltapartners.com/
Trind Ventures,https://www.crunchbase.com/organization/trind-ventures,"Tallinn, Harjumaa, Estonia","Finance, Financial Services, Venture Capital",31,1,45,trind@trind.vc,http://trind.vc/
Bcombinator Venture Partners,https://www.crunchbase.com/organization/bcombinator,"Barcelona, Catalonia, Spain","Corporate Training, Incubators, Innovation Management, Venture Capital",43,,57,info@bcombinator.com,https://www.bcombinator.com/
ZAKA VC,https://www.crunchbase.com/organization/zaka-startups,"Prague, Hlavni mesto Praha, Czech Republic","Financial Services, Venture Capital",55,,65,hey@zaka.vc,https://zaka.vc/
Mosaic Ventures,https://www.crunchbase.com/organization/mosaic-ventures,"London, England, United Kingdom","Finance, Financial Services, FinTech, Venture Capital",64,25,91,hello@mosaicventures.com,http://www.mosaicventures.com/
Talis Capital,https://www.crunchbase.com/organization/talis-capital,"London, England, United Kingdom","Finance, Financial Services, FinTech, Venture Capital",58,19,79,info@taliscapital.com,http://www.taliscapital.com
Elkstone Capital Partners,https://www.crunchbase.com/organization/elkstone-capital-partners,"Dublin, Dublin, Ireland",Financial Services,51,4,72,venture@elkstoneprivate.com,https://www.elkstonepartners.com/ventures/
Picus Capital,https://www.crunchbase.com/organization/picus-capital,"Munich, Bayern, Germany","Construction, E-Commerce, FinTech, Health Care, Human Resources, Logistics, Web3",173,16,318,info@picuscap.com,http://www.picuscap.com
Seaya,https://www.crunchbase.com/organization/seaya-ventures,"Madrid, Madrid, Spain","Finance, Financial Services, Venture Capital",55,11,93,info@seayaventures.com,https://seaya.vc
Node Capital,https://www.crunchbase.com/organization/node-capital-c83d,"Gibraltar, Gibraltar, Gibraltar","Blockchain, Cryptocurrency, Venture Capital",15,,16,or@node.capital,https://www.node.capital/
Nordic Foodtech VC,https://www.crunchbase.com/organization/nordic-foodtech-vc,"Helsinki, Southern Finland, Finland",Venture Capital,16,,27,info@nft.vc,https://www.nft.vc/nordic-foodtech-venture-capital
Launchbay Capital,https://www.crunchbase.com/organization/digital-horizon,"London, England, United Kingdom","E-Commerce, Finance, Financial Services, FinTech, Venture Capital",40,5,43,hello@launchbaycapital.com,https://launchbaycapital.com
NAP,https://www.crunchbase.com/organization/nap-vc,"Berlin, Berlin, Germany","Finance, Financial Services, Venture Capital",52,4,93,lena@nap.vc,https://www.nap.vc/
Firstminute Capital,https://www.crunchbase.com/organization/firstminute-capital,"London, England, United Kingdom","Finance, Financial Services, Venture Capital",131,13,181,team@firstminute.capital,https://firstminute.capital/
Deepbridge Capital,https://www.crunchbase.com/organization/deepbridge-capital,"Chester, Cheshire, United Kingdom","Finance, Financial Services, Venture Capital",63,1,85,info@deepbridgecapital.com,http://www.deepbridgecapital.com
Bethnal Green Ventures,https://www.crunchbase.com/organization/bethnal-green-ventures,"London, England, United Kingdom",Financial Services,165,4,201,hello@bethnalgreenventures.com,https://bethnalgreenventures.com/apply
Portfolio Ventures,https://www.crunchbase.com/organization/portfolio-ventures,"London, England, United Kingdom",Financial Services,47,2,50,hello@portfolio.ventures,https://portfolio.ventures/
Seed Capital,https://www.crunchbase.com/organization/seed-capital,"Copenhagen, Hovedstaden, Denmark","Finance, Financial Services, Venture Capital",151,36,221,info@seedcapital.dk,http://www.seedcapital.dk
Paper Ventures,https://www.crunchbase.com/organization/paper-ventures,"London, England, United Kingdom","Artificial Intelligence (AI), Bitcoin, Blockchain, Cryptocurrency, Software, Web3",23,,23,info@paper.ventures,https://paper.ventures/
Axeleo Capital,https://www.crunchbase.com/organization/axeleo-sas,"Lyon, Rhone-Alpes, France",Venture Capital,72,14,92,contact@axc.vc,http://www.axc.vc
Osney Capital,https://www.crunchbase.com/organization/osney-capital,"Oxford, Oxfordshire, United Kingdom","Cyber Security, Financial Services, Information Technology, Internet, Software",7,,8,info@osneycapital.com,https://www.osneycapital.com/
Vaekstfonden,https://www.crunchbase.com/organization/vækstfonden,"Hellerup, Hovedstaden, Denmark","Finance, Financial Services, Venture Capital",206,39,259,vf@vf.dk,http://www.vf.dk
LAUNCHub Ventures,https://www.crunchbase.com/organization/launchub,"Sofia, Grad Sofiya, Bulgaria","Finance, Financial Services, Venture Capital",104,12,173,info@launchub.com,https://launchub.com
SmartFin,https://www.crunchbase.com/organization/smartfin,"Brussels, Brussels Hoofdstedelijk Gewest, Belgium",Venture Capital,27,9,42,info@smartfinvc.com,http://www.smartfinvc.com
Nordic Science Investments,https://www.crunchbase.com/organization/nordic-science-investments,"Helsinki, Southern Finland, Finland","Finance, Food and Beverage, Health Care, Impact Investing, Industrial, Information Technology, Manufacturing, Medical, Venture Capital",10,,12,anssi.uimonen@nordscience.com,https://nordscience.com
14Peaks Capital,https://www.crunchbase.com/organization/14peaks-capital,"Zug, Zug, Switzerland","Analytics, Data Management, Enterprise Software, FinTech, Human Resources, Productivity Tools",14,,16,founders@14peaks.capital,https://14peaks.capital/
Tilia Impact Ventures,https://www.crunchbase.com/organization/tilia-impact-ventures,"Prague, Hlavni mesto Praha, Czech Republic","Impact Investing, Venture Capital",16,1,17,info@tiliaimpactventures.cz,https://tiliaimpactventures.cz/en/
RePie Asset Management,https://www.crunchbase.com/organization/re-pie-asset-management,"Istanbul, Istanbul, Turkey","B2B, B2C, Delivery, Financial Services, Home Health Care, Venture Capital",44,5,62,info@re-pie.com,http://www.re-pie.com/
henQ,https://www.crunchbase.com/organization/henq-invest,"Amsterdam, Noord-Holland, The Netherlands","Angel Investment, B2B, Enterprise Applications, Enterprise Software, FinTech, Information Technology, Internet",37,11,59,applications@henq.vc,https://henq.vc/
Odin,https://www.crunchbase.com/organization/odin-2848,"London, England, United Kingdom","Communities, Financial Services, Venture Capital",2,,2,hello@joinodin.com,https://www.joinodin.com/
Arweave,https://www.crunchbase.com/organization/arweave,"Holborn, Camden, United Kingdom","Blockchain, Cryptocurrency, Data Storage, Internet",31,,33,team@arweave.org,https://www.arweave.org
Clave,https://www.crunchbase.com/organization/clave,"Pamplona, Navarra, Spain",Financial Services,26,,32,info@clave.capital,http://clave.capital/
APEX Capital,https://www.crunchbase.com/organization/apex-capital-9cd3,"Cascais, Lisboa, Portugal","Financial Services, Media and Entertainment, Sports",11,,13,info@apex-cp.com,http://www.apex-cp.com
Merantix Capital,https://www.crunchbase.com/organization/merantix,"Berlin, Berlin, Germany","Artificial Intelligence (AI), Big Data, Impact Investing, Machine Learning, Predictive Analytics, Software, Venture Capital",13,1,20,info@merantix.com,http://merantix-capital.com
Credix,https://www.crunchbase.com/organization/credix-47fb,"Antwerp, Antwerpen, Belgium","Financial Services, FinTech",6,,6,info@credix.finance,https://credix.finance
Finch Capital,https://www.crunchbase.com/organization/finch-capital,"Amsterdam, Noord-Holland, The Netherlands","Financial Services, FinTech, InsurTech, Venture Capital",44,14,72,info@finchcapital.com,http://finchcapital.com
Laser Digital,https://www.crunchbase.com/organization/laser-digital,"Zürich, Zurich, Switzerland","Digital Media, Financial Services, Impact Investing, Web3",40,,43,inquiries@laserdigital.com,https://www.laserdigital.com/
Boğaziçi Ventures,https://www.crunchbase.com/organization/boğaziçi-ventures,"Istanbul, Istanbul, Turkey","Asset Management, Financial Services, FinTech, Gaming, Hedge Funds, Impact Investing, Retail Technology, Venture Capital",56,1,73,info@bogaziciventures.com,http://www.bogaziciventures.com/
PSV,https://www.crunchbase.com/organization/preseed-innovation,"Lyngby, Hovedstaden, Denmark",Venture Capital,106,27,138,pitch@preseedventures.dk,https://psv.xyz
212,https://www.crunchbase.com/organization/212-capital-partners,"Istanbul, Istanbul, Turkey","Finance, Financial Services, FinTech, Venture Capital",40,4,59,info@212.vc,http://www.212.vc
SNÖ Ventures,https://www.crunchbase.com/organization/snÖ-ventures,"Oslo, Oslo, Norway","Business Development, Finance, Financial Exchanges, Financial Services, Venture Capital",24,3,35,hello@sno.vc,http://www.sno.vc
GapMinder VC,https://www.crunchbase.com/organization/gapminder-vc,"Bucharest, Bucuresti, Romania","Analytics, Artificial Intelligence (AI), Business Intelligence, Cyber Security, Developer Tools, Enterprise Software, FinTech, Generative AI, Machine Learning, Natural Language Processing",38,1,64,contact@gapminder.vc,http://gapminder.vc/
TLcom Capital Partners,https://www.crunchbase.com/organization/tlcom-capital-partners,"London, England, United Kingdom","Finance, Financial Services, Venture Capital",37,9,57,info@tlcomcapital.com,http://www.tlcomcapital.com
Capricorn Partners,https://www.crunchbase.com/organization/capricorn-partners,"Leuven, Vlaams-Brabant, Belgium","Asset Management, Finance, Financial Services, Venture Capital",71,30,107,proposals@capricorn.be,http://www.capricorn.be
KPMG,https://www.crunchbase.com/organization/kpmg,"London, England, United Kingdom","Accounting, Advice, Big Data, Consulting, Financial Services, Information Technology, Legal, Management Consulting, Professional Services",26,6,29,digital@kpmg.com,https://kpmg.com
Demium,https://www.crunchbase.com/organization/demiumstartups,"Valencia, Comunidad Valenciana, Spain","Business Development, Finance, Incubators, Information Technology, Marketing",44,1,46,hello@demium.com,https://demium.com
TechVision Fund,https://www.crunchbase.com/organization/techvision-fonds,"Aachen, Nordrhein-Westfalen, Germany","Financial Services, Venture Capital",40,6,47,info@techvision-fonds.de,https://www.TechVision-Fonds.de
VI Partners,https://www.crunchbase.com/organization/vi-partners,"Altendorf, Schwyz, Switzerland","Health Care, Information Technology, Life Science, Venture Capital",63,21,107,funding@vipartners.ch,http://www.vipartners.ch/
VERSO Capital,https://www.crunchbase.com/organization/versoholdings,"Luxembourg, Luxembourg, Belgium","Artificial Intelligence (AI), Construction, Consumer Software, Enterprise Software, Financial Services, FinTech, Real Estate, Real Estate Investment, Retail Technology, Software",17,3,23,versoenquiries@gmail.com,https://www.versoholdings.com/
Forward Partners,https://www.crunchbase.com/organization/forward-partners,"London, England, United Kingdom","Angel Investment, Financial Services, Venture Capital",66,16,97,seed@forwardpartners.com,http://www.forwardpartners.com
Marathon Venture Capital,https://www.crunchbase.com/organization/marathon-venture-capital,"Athens, Attiki, Greece",Venture Capital,21,4,35,info@marathon.vc,https://marathon.vc
SwissBorg,https://www.crunchbase.com/organization/swissborg,"Lausanne, Vaud, Switzerland","Blockchain, Communities, Financial Services, FinTech, Wealth Management",6,,6,cyborg@swissborg.com,https://swissborg.com
Conviction VC,https://www.crunchbase.com/organization/conviction-vc,"London, England, United Kingdom","B2B, Professional Services, SaaS, Venture Capital",30,6,36,info@conviction-vc.com,https://www.conviction-vc.com/
Gnosis,https://www.crunchbase.com/organization/gnosis,"Gibraltar, Gibraltar, Gibraltar","Blockchain, Ethereum, FinTech, Prediction Markets",28,,29,info@gnosis.pm,https://gnosis.io
Early Game Ventures,https://www.crunchbase.com/organization/early-game-ventures,"Bucharest, Bucuresti, Romania",Venture Capital,28,1,42,hello@earlygame.vc,https://earlygame.vc
Keen Venture Partners,https://www.crunchbase.com/organization/keen-venture-partners-2,"Amsterdam, Noord-Holland, The Netherlands",Venture Capital,32,5,44,info@keenventurepartners.com,http://www.keenventurepartners.com/
CapHorn Invest,https://www.crunchbase.com/organization/caphorn-invest,"Paris, Ile-de-France, France","B2B, Finance, Financial Services, FinTech, Impact Investing, Venture Capital",50,12,77,info@caphorn.vc,https://caphorn.vc/
Volta Ventures,https://www.crunchbase.com/organization/volta-ventures,"Gent, Oost-Vlaanderen, Belgium","B2B, Finance, Financial Services, Venture Capital",43,7,73,info@voltaventures.eu,http://www.volta.ventures
Jolt Capital,https://www.crunchbase.com/organization/jolt-capital,"Paris, Ile-de-France, France",Financial Services,26,9,31,contact@jolt-capital.com,https://jolt-capital.com
Lead Ventures,https://www.crunchbase.com/organization/lead-ventures,"Budapest, Budapest, Hungary","Automotive, Energy Storage, Financial Services, FinTech, Internet of Things, Renewable Energy, Retail Technology, Sustainability, Waste Management, Water",21,2,25,info@leadventures.eu,http://leadventures.eu/
Grow Venture Partners,https://www.crunchbase.com/organization/grow-venture-partners,"Barcelona, Catalonia, Spain",Venture Capital,12,,14,info@growventurepartners.com,https://growventurepartners.com/es/inicio/
BrightCap Ventures,https://www.crunchbase.com/organization/brightcap-ventures,"Amsterdam, Noord-Holland, The Netherlands","Financial Services, Venture Capital",20,6,26,info@brightcap.vc,http://www.brightcap.vc/
Midven,https://www.crunchbase.com/organization/midven,"Birmingham, Birmingham, United Kingdom","Finance, Financial Services, Venture Capital",114,28,125,enquiries@midven.com,https://midven.co.uk/
Tenity,https://www.crunchbase.com/organization/tenity,"Zürich, Zurich, Switzerland","Finance, Financial Services, FinTech, Incubators, InsurTech, Mobile Payments, Payments, Venture Capital",318,13,329,info@tenity.com,https://www.tenity.com
Begin Capital,https://www.crunchbase.com/organization/begin-capital,"London, England, United Kingdom","B2B, Cloud Infrastructure, Cyber Security, Database, Education, FinTech, Marketplace",22,4,25,alex.menn@begincl.com ruslan@begincl.com,https://www.begincl.com
Lazio Innova,https://www.crunchbase.com/organization/lazio-innova,"Rome, Lazio, Italy","Finance, Financial Services, Impact Investing, Venture Capital",25,1,31,info@lazioinnova.it,http://www.lazioinnova.it/
Nordstar,https://www.crunchbase.com/organization/nordstar,"London, England, United Kingdom","Business Development, Financial Services, Venture Capital",29,2,35,contact@nordstar.com,https://www.nordstar.com/
Vendep Capital,https://www.crunchbase.com/organization/vendepcapital,"Espoo, Southern Finland, Finland","B2B, Financial Services, Venture Capital",35,5,46,info@vendep.com,https://www.vendep.com
Expon Capital,https://www.crunchbase.com/organization/expon-capital,"Luxembourg, Luxembourg, Luxembourg",Venture Capital,34,6,64,info@exponcapital.com,http://www.exponcapital.com/
InReach Ventures,https://www.crunchbase.com/organization/inreach-ventures,"London, England, United Kingdom","Artificial Intelligence (AI), Finance, Financial Services, FinTech, Software, Venture Capital",34,7,41,info@inreachventures.com,http://www.inreachventures.com
J&T Ventures,https://www.crunchbase.com/organization/j-t-ventures,"Prague, Hlavni mesto Praha, Czech Republic","FinTech, Venture Capital",34,5,47,info@jtventures.cz,http://jtventures.cz/en/
Vorwerk Ventures,https://www.crunchbase.com/organization/vorwerk-direct-selling-ventures,"Berlin, Berlin, Germany",Venture Capital,53,13,83,vorwerk-ventures@vorwerkventures.com,https://vorwerkventures.com
Lumen Ventures,https://www.crunchbase.com/organization/lumen-ventures-d86e,"Rome, Lazio, Italy","Financial Services, FinTech, Venture Capital",8,,10,info@lumen.ventures,https://www.lumen.ventures
EASO Ventures,https://www.crunchbase.com/organization/easo-ventures,"San Sebastian, Pais Vasco, Spain","Automotive, Cyber Security, Industrial, Manufacturing, Venture Capital",45,,63,easo@easoventures.com,http://www.easoventures.com
Bynd Venture Capital,https://www.crunchbase.com/organization/busy-angels,"Lisbon, Lisboa, Portugal","Advice, Venture Capital",46,5,53,bynd@bynd.vc,https://bynd.vc/
ScaleX Ventures,https://www.crunchbase.com/organization/scalex-ventures,"Sisli, Istanbul, Turkey",Venture Capital,23,3,25,contact@scalexventures.com,https://www.scalexventures.com/
Mintos,https://www.crunchbase.com/organization/mintos,"Riga, Riga, Latvia","Financial Services, FinTech, Wealth Management",2,,2,info@mintos.com,https://www.mintos.com
bValue Fund,https://www.crunchbase.com/organization/bvalue-angels,"Warszawa, Mazowieckie, Poland","Financial Services, Information Technology, Internet, Internet of Things, Marketing, Venture Capital, Web Design, Web Development",36,6,39,info@bvaluefund.com,https://bvaluefund.com/
ICF Capital,https://www.crunchbase.com/organization/institut-catal-de-finances-icf,"Barcelona, Catalonia, Spain","Banking, Finance, Financial Services, Venture Capital",83,9,98,infoifem@icf.cat,http://www.icf.cat/es/productes-financers/index.html?BotoOp=capital
Transition,https://www.crunchbase.com/organization/transition-c21b,"London, England, United Kingdom","Finance, Financial Services, Venture Capital",16,,17,hello@transition.vc,https://transition.vc
Nestcoin,https://www.crunchbase.com/organization/nestcoin,"Tórtola, Castilla-La Mancha, Spain","Cryptocurrency, Information Technology, Web3",4,,4,Haroldcarey888@gmail.com,https://nestcoin.com/
Sting,https://www.crunchbase.com/organization/stockholm-innovation-and-growth,"Stockholm, Stockholms Lan, Sweden","Finance, Incubators, Information Technology",297,25,308,maria.ljungberg@sting.co,http://www.sting.co
BONVENTURE,https://www.crunchbase.com/organization/bonventure,"Munich, Bayern, Germany","Education, Health Care, Impact Investing, Social Entrepreneurship, Sustainability, Venture Capital",27,2,36,info@bonventure.de,https://bonventure.de
Aescuvest,https://www.crunchbase.com/organization/aescuvest,"Frankfurt, Hessen, Germany","Financial Services, Health Care, Venture Capital",22,,25,kontakt@aescuvest.de,https://aescuvest.eu/
Zubr Capital,https://www.crunchbase.com/organization/zubr-capital,"Limassol, Limassol, Cyprus","Classifieds, Cloud Data Services, E-Commerce, EdTech, FinTech, SaaS",18,5,19,info@zubrcapital.com,http://zubrcapital.com/
Keyrock,https://www.crunchbase.com/organization/keyrock,"Woluwé-saint-pierre, Brussels Hoofdstedelijk Gewest, Belgium","Asset Management, Blockchain, Cryptocurrency, Finance, Financial Services, FinTech",8,,8,info@keyrock.eu,https://keyrock.com
NatWest,https://www.crunchbase.com/organization/natwest-4984,"London, England, United Kingdom","Banking, Finance, Financial Services, Risk Management, Trading Platform",31,5,34,support@natwestmarkets.com,http://www.nwm.com
Big Sur Ventures,https://www.crunchbase.com/organization/big-sur-ventures,"Madrid, Madrid, Spain",Venture Capital,45,3,72,info@bigsurventures.vc,https://www.bigsurventures.vc/
Pangea Blockchain Fund,https://www.crunchbase.com/organization/pangea-blockchain-fund,"Lugano, Ticino, Switzerland","Blockchain, Hedge Funds, Incubators, Venture Capital",6,,6,Pangea@pmbcgroup.com,https://www.pangeablockchain.ch
Funderbeam,https://www.crunchbase.com/organization/funderbeam,"London, England, United Kingdom","Big Data, Business Intelligence, Crowdfunding, Financial Services, Trading Platform",13,1,16,hello@funderbeam.com,https://www.funderbeam.com
Ace Capital Partners,https://www.crunchbase.com/organization/ace-capital-partners,"Paris, Ile-de-France, France",Financial Services,39,16,51,Paulgregory0000@gmail.com,https://www.ace-cp.com/
Exceptional Ventures,https://www.crunchbase.com/organization/exceptional-ventures,"London, England, United Kingdom","Food and Beverage, Health Care, Venture Capital",26,2,29,hello@exceptional.ventures,https://exceptional.ventures/
PARSIQ,https://www.crunchbase.com/organization/parsiq,"Ham, Shetland Islands, United Kingdom","Blockchain, Cryptocurrency, Cyber Security, Fraud Detection, Internet, Software",6,,7,info@parsiq.io,https://parsiq.net
Extension Fund,https://www.crunchbase.com/organization/the-extension-fund-scr-pyme,"Barcelona, Catalonia, Spain","Finance, Financial Services, Venture Capital",18,1,24,hello@extensionfund.com,https://www.extensionfund.com/
Enso Finance,https://www.crunchbase.com/organization/enso-finance,"Zürich, Zurich, Switzerland","Blockchain, Cryptocurrency, Ethereum, Finance, FinTech, Peer to Peer",1,,1,info@enso.finance,https://www.enso.finance
Acrobator Ventures,https://www.crunchbase.com/organization/acrobator-ventures,"Amsterdam, Noord-Holland, The Netherlands",Venture Capital,19,,25,joachim@acrobator.vc,https://acrobator.vc
Golden Egg Check Capital,https://www.crunchbase.com/organization/golden-egg-check-capital,"Enschede, Overijssel, The Netherlands","Artificial Intelligence (AI), Cyber Security, FinTech, Human Resources, Impact Investing, Machine Learning, Marketplace, Payments, Robotics, Software",25,1,29,capital@goldeneggcheck.com,https://goldeneggcheck.com/startups/capital
Nazca Capital,https://www.crunchbase.com/organization/nazca-capital,"Madrid, Madrid, Spain",Financial Services,7,1,7,info@nazca.es,http://www.nazca.es
Crowdcube,https://www.crunchbase.com/organization/crowdcube,"Exeter, Devon, United Kingdom","Business Development, Crowdfunding, Financial Services, FinTech, Funding Platform, Venture Capital",815,37,"1,032",info@crowdcube.com,https://www.crowdcube.com/
Luno,https://www.crunchbase.com/organization/lunomoney,"London, England, United Kingdom","Cryptocurrency, Financial Services, Virtual Currency",5,1,6,support@luno.com,https://www.luno.com
Founders Factory,https://www.crunchbase.com/organization/founders-factory,"London, England, United Kingdom","CleanTech, Consumer, FinTech, GreenTech, Health Care, Media and Entertainment, SaaS, Telecommunications",133,18,139,hello@foundersfactory.com,https://foundersfactory.com/
Sure Valley Ventures,https://www.crunchbase.com/organization/suir-valley-venture,"London, England, United Kingdom","Artificial Intelligence (AI), Cyber Security, Enterprise Software, Financial Services, Machine Learning, Venture Capital",30,6,47,info@surevalleyventures.com,https://surevalleyventures.com
Startupbootcamp,https://www.crunchbase.com/organization/startupbootcamp,"London, England, United Kingdom","Finance, Financial Services, Venture Capital",592,50,614,info@startupbootcamp.org,http://www.startupbootcamp.org
MAIF Avenir,https://www.crunchbase.com/organization/maif-avenir,"Paris, Ile-de-France, France",Venture Capital,42,13,56,contact@maif-avenir.com,https://www.maif-avenir.fr/
ACF Investors,https://www.crunchbase.com/organization/angel-cofund,"Sheffield, Sheffield, United Kingdom","Angel Investment, Finance, Venture Capital",111,20,150,info@angelcofund.co.uk,https://www.acfinvestors.com
SeedBlink,https://www.crunchbase.com/organization/seedblink,"Bucharest, Bucuresti, Romania","Apps, Artificial Intelligence (AI), Biotechnology, Cyber Security, EdTech, Financial Services, FinTech, Machine Learning, Property Management, Software",86,2,97,investors@seedblink.com,https://seedblink.com/
Investisseurs & Partenaires,https://www.crunchbase.com/organization/investisseurs-and-partenaires,"Paris, Ile-de-France, France","Angel Investment, Financial Exchanges, Financial Services, Impact Investing, Small and Medium Businesses",103,9,112,info@ietp.com,http://www.ietp.com/
Eleving Group,https://www.crunchbase.com/organization/eleving-group,"Riga, Riga, Latvia","Auto Insurance, Automotive, Finance, Financial Services",2,,2,info@eleving.com,https://eleving.com/
Form Ventures,https://www.crunchbase.com/organization/form-ventures,"London, England, United Kingdom","Finance, Financial Services, Venture Capital",19,1,22,info@formventures.vc,https://formventures.vc
Act Venture Capital,https://www.crunchbase.com/organization/act-venture-capital,"Dublin, Dublin, Ireland","FinTech, Information Technology, Internet, Semiconductor, Software, Venture Capital",111,58,167,info@actvc.ie,http://www.actventure.capital
Argo Blockchain,https://www.crunchbase.com/organization/argo-blockchain-plc,"London, England, United Kingdom","Blockchain, Cryptocurrency, Information Technology, Smart Contracts",3,1,3,support@argoblockchain.com,http://www.argoblockchain.com
Oxford Science Enterprises,https://www.crunchbase.com/organization/oxford-sciences-innovation,"Oxford, Oxfordshire, United Kingdom","Asset Management, Business Development, Finance, Higher Education, Life Science, Venture Capital",86,14,161,hello@oxfordsciences.com,https://oxfordscienceenterprises.com/
BioGeneration Ventures,https://www.crunchbase.com/organization/biogeneration-ventures,"Naarden, Noord-Holland, The Netherlands","Financial Services, Life Science, Venture Capital",42,9,61,info@biogeneration.vc,http://www.biogenerationventures.com
Blazar Capital,https://www.crunchbase.com/organization/blazar-capital,"Copenhagen, Hovedstaden, Denmark","Consumer Goods, Venture Capital",7,,12,hello@blazarcapital.com,https://blazarcapital.com/
AFI Ventures,https://www.crunchbase.com/organization/afi-ventures,"Paris, Ile-de-France, France","Finance, Financial Services, Impact Investing, Social Impact, Venture Capital",33,2,36,dealflow@afi.ventures,https://allianceforimpact.com/
Elaia,https://www.crunchbase.com/organization/elaia-partners,"Paris, Ile-de-France, France","B2B, Financial Services, Venture Capital",140,46,207,contact@elaia.com,https://www.elaia.com
Phystech Ventures,https://www.crunchbase.com/organization/phystech-ventures,"London, England, United Kingdom","Aerospace, Bioinformatics, Biotechnology, Energy, Financial Services, Genetics, Quantum Computing, Robotics, Venture Capital",29,8,36,team@phystech.vc,https://phystech.vc
Conexo Ventures,https://www.crunchbase.com/organization/conexo-ventures,"Madrid, Madrid, Spain","Cyber Security, FinTech, Information Technology, Venture Capital",22,3,27,info@conexo.vc,http://conexo.vc
Outlier Ventures,https://www.crunchbase.com/organization/outlier-ventures-ltd-llp,"London, England, United Kingdom","Artificial Intelligence (AI), Blockchain, Fashion, FinTech, Gaming, Information Technology, Internet, Metaverse, Venture Capital, Web3",338,5,340,contact@outlierventures.io,https://www.outlierventures.io
Wellstreet,https://www.crunchbase.com/organization/wellstreet,"Stockholm, Stockholms Lan, Sweden","Digital Marketing, Infrastructure, Venture Capital",54,7,60,info@wellstreet.vc,http://www.wellstreet.se
StartupFon,https://www.crunchbase.com/organization/startupfon,"Üsküdar, Istanbul, Turkey","Angel Investment, Crowdfunding, Crowdsourcing, Financial Services, Funding Platform, Venture Capital",29,,32,info@startupfon.com,https://www.startupfon.com/
Companisto,https://www.crunchbase.com/organization/companisto,"Berlin, Berlin, Germany","Angel Investment, Crowdfunding, Finance, Financial Services, FinTech, Venture Capital",22,1,23,info@companisto.com,https://www.companisto.com
SMOK Ventures,https://www.crunchbase.com/organization/smok-ventures,"Warsaw, Mazowieckie, Poland",Financial Services,38,,49,smok@smok.vc,http://smok.vc/
DAO Maker,https://www.crunchbase.com/organization/dao-maker,"Belle Vue, Cumbria, United Kingdom","Blockchain, Cryptocurrency, Decentralized Finance (DeFi), Funding Platform, Non-Fungible Token (NFT)",44,,45,Paulgregory0000@gmail.com,https://daomaker.com/
The Family,https://www.crunchbase.com/organization/thefamily,"Paris, Ile-de-France, France","Financial Services, Funding Platform, Venture Capital",70,18,73,welcome@thefamily.co,http://thefamily.co
Antai Ventures,https://www.crunchbase.com/organization/antai-venture-builder,"Barcelona, Catalonia, Spain","Angel Investment, Financial Services, Impact Investing, Incubators, Venture Capital",22,4,36,hola@antaivb.com,https://antaiventures.com/
Insurtech Gateway,https://www.crunchbase.com/organization/insurtech-gateway,"London, England, United Kingdom","Finance, FinTech, Incubators, Insurance, InsurTech",27,3,45,opensesame@insurtechgateway.com,http://www.insurtechgateway.com
Founder One,https://www.crunchbase.com/organization/founder-one,"Sisli, Istanbul, Turkey","Consulting, Financial Services, Venture Capital",29,,31,info@founderone.com,https://www.founderone.com/index.php
ChromaWay,https://www.crunchbase.com/organization/chromaway,"Stockholm, Stockholms Lan, Sweden","Apps, B2B, Blockchain, Enterprise Software, Financial Services, Infrastructure, Open Source",5,,5,info@chromaway.com,http://chromaway.com/
Audacia,https://www.crunchbase.com/organization/audacia,"Paris, Ile-de-France, France","Management Consulting, Venture Capital",13,4,15,contact@audacia.fr,http://www.audacia.fr
Frumtak Ventures,https://www.crunchbase.com/organization/frumtak,"Reykjavík, Gullbringusysla, Iceland","Finance, Financial Services, Venture Capital",25,2,37,frumtak@frumtak.is,https://frumtak.is/
WePlay Ventures,https://www.crunchbase.com/organization/weplay-ventures,"Istanbul, Istanbul, Turkey","Financial Services, Venture Capital",23,2,24,play@weplayventures.com,https://www.weplayventures.com
Insitor Partners,https://www.crunchbase.com/organization/insitor-fund,"Luxembourg, Luxembourg, Luxembourg","Finance, Financial Services",23,1,31,info@insitorimpactasiafund.com,http://www.insitorpartners.com
Flossbach von Storch,https://www.crunchbase.com/organization/flossbach-von-storch,"Cologne, Nordrhein-Westfalen, Germany","Asset Management, Financial Services",2,,3,socialmedia@fvsag.com,https://www.fvsinvest.lu/de/
AIP Seed,https://www.crunchbase.com/organization/aip-seed,"Warsaw, Mazowieckie, Poland","Information Technology, Venture Capital",24,1,27,contact@aipseed.vc,https://www.aipseed.vc/
Decelera,https://www.crunchbase.com/organization/menorca-millennials,"Mahón, Islas Baleares, Spain","Big Data, Impact Investing, Social Entrepreneurship, Sustainability",17,,18,info@decelera.com,http://www.decelera.com/
HUB612,https://www.crunchbase.com/organization/hub612,"Lyon, Rhone-Alpes, France","Blockchain, Cryptocurrency, Finance, Financial Services, FinTech, Insurance, SaaS, Software, Venture Capital, Web3",21,1,23,contact@hub612.com,https://www.hub612.com/
Barclays Corporate Banking,https://www.crunchbase.com/organization/barclays-plc,"London, England, United Kingdom","Banking, Finance, Financial Services, FinTech",113,42,133,info@barclays.co.uk,https://www.barclays.co.uk/
Point Nine,https://www.crunchbase.com/organization/point-nine-capital,"Berlin, Berlin, Germany","Artificial Intelligence (AI), Marketplace, SaaS, Venture Capital",171,42,295,info@pointninecap.com,http://www.pointnine.com
EUREKA! Venture SGR,https://www.crunchbase.com/organization/eureka-venture,"Milano, Lombardia, Italy","Finance, Financial Services, Venture Capital",16,,23,info@eurekaventure.it,http://www.eurekaventure.it/
Maximon,https://www.crunchbase.com/organization/maximon,"Zug, Zug, Switzerland","Health Care, Venture Capital",3,,3,contact@maximon.com,https://www.maximon.com/
Accelerace,https://www.crunchbase.com/organization/accelerace,"Copenhagen, Hovedstaden, Denmark","Biotechnology, Blockchain, CleanTech, Consulting, EdTech, Financial Services, FinTech, Food and Beverage, Health Care, Internet of Things",62,8,74,info@accelerace.io,http://www.accelerace.io
J12,https://www.crunchbase.com/organization/j12-ventures,"Stockholm, Stockholms Lan, Sweden","Angel Investment, Venture Capital",38,1,51,hi@j12ventures.com,https://www.j12ventures.com/
PranaVentures,https://www.crunchbase.com/organization/prana-ventures,"Milano, Lombardia, Italy","Finance, Financial Services, Venture Capital",13,,16,info@pranaventures.it,https://www.pranaventures.it
Interop,https://www.crunchbase.com/organization/interop-43da,"Paris, Ile-de-France, France","Cryptocurrency, Venture Capital",13,,14,contact@interop.ventures,https://interop.ventures
Northern Powerhouse Investment Fund,https://www.crunchbase.com/organization/northern-powerhouse-investment-fund,"Sheffield, Sheffield, United Kingdom","Banking, Finance, Financial Services, FinTech",95,9,99,info@british-business-bank.co.uk,http://www.npif.co.uk/
FPE Capital,https://www.crunchbase.com/organization/fpe-capital,"London, England, United Kingdom","Finance, Financial Services, Venture Capital",14,7,14,peenquiries@fpecapital.com,http://www.fpecapital.com/
Polkastarter,https://www.crunchbase.com/organization/polkastarter,"Lisbon, Lisboa, Portugal","Blockchain, Crowdfunding, Cryptocurrency, Finance, Financial Services, FinTech",13,,13,daniel@polkastarter.com,https://www.polkastarter.com
IKIGAI,https://www.crunchbase.com/organization/ikigai-8cc9,"Siena, Toscana, Italy","Impact Investing, Incubators, Social Entrepreneurship, Social Impact, Venture Capital",43,,55,info@ikigaihub.it,https://www.ikigaihub.it
Enry's Island SpA,https://www.crunchbase.com/organization/enry-s-island-worldwide-distributed-platform-for-startup-incubation-acceleration,"Tremiti, Puglia, Italy","Blockchain, Cryptocurrency, Incubators, Internet of Things, Web Apps, Web3",36,,36,info@enrysisland.com,http://enrysisland.com
AMAVI Capital,https://www.crunchbase.com/organization/amavi-capital,"Eke, Oost-Vlaanderen, Belgium","Building Material, Construction, Facility Management, Property Development, Property Management, Real Estate, Real Estate Investment, Retail Technology, SaaS, Venture Capital",14,,15,hello@amavi.capital,https://amavi.capital
Dutch Operator Fund I,https://www.crunchbase.com/organization/dutch-operator-fund-i,"Amsterdam, Noord-Holland, The Netherlands","Finance, Financial Services, Venture Capital",2,,2,hello@dutchoperatorfun.nl,https://www.dutchoperatorfund.nl/
bm-t beteiligungsmanagement thuringen,https://www.crunchbase.com/organization/bm-t-beteiligungsmanagement-thüringen,"Erfurt, Thuringen, Germany","Finance, Financial Services, Venture Capital",50,7,68,info@bm-t.com,https://www.bm-t.com/
New Renaissance Ventures,https://www.crunchbase.com/organization/new-renaissance-ventures,"Vienna, Wien, Austria","Finance, Financial Services, Venture Capital",9,,9,hi@nr.ventures,https://www.nr.ventures/
Startuplab,https://www.crunchbase.com/organization/startup-lab,"Oslo, Oslo, Norway","Angel Investment, Business Development, Incubators",50,5,52,tonje@startuplab.no,http://www.startuplab.no/
Exor Ventures,https://www.crunchbase.com/organization/exor-ventures,"Amsterdam, Noord-Holland, The Netherlands","Finance, Financial Services, Venture Capital",103,5,133,seeds@exor.com,https://www.exor.com/pages/companies-investments/ventures
Celsius Network,https://www.crunchbase.com/organization/celsius-network,"London, England, United Kingdom","Blockchain, Consumer Lending, Cryptocurrency, Financial Services, FinTech",6,1,7,hello@celsius.network,https://celsius.network
Sarmayacar,https://www.crunchbase.com/organization/sarmayacar,"Amsterdam, Noord-Holland, The Netherlands","Finance, Financial Services, Venture Capital",16,,24,raabta@sarmayacar.com,https://sarmayacar.com/
Coinsilium Group,https://www.crunchbase.com/organization/coinsilium-group,"London, England, United Kingdom","Finance, Financial Services, FinTech, Venture Capital",16,2,18,info@coinsilium.com,https://coinsilium.com/
COI Partners,https://www.crunchbase.com/organization/co-investor-22b0,"Frankfurt, Hessen, Germany","Finance, Financial Services, Venture Capital",25,12,26,info@coi-partners.com,https://coi-partners.com
Collective Spark,https://www.crunchbase.com/organization/collective-spark,"Istanbul, Istanbul, Turkey","Information Technology, Venture Capital",23,1,34,contact@collectivespark.com,http://www.collectivespark.com
The Untitled Venture Company,https://www.crunchbase.com/organization/the-untitled-venture-company,"London, England, United Kingdom",Financial Services,19,1,23,info@theuntitled.net,https://www.theuntitled.vc/
AddVenture,https://www.crunchbase.com/organization/addventure,"Nicosia, Nicosia, Cyprus","Finance, Financial Services, Venture Capital",34,5,53,apply@addventure.vc,http://addventure.vc
Nesta Impact Investments,https://www.crunchbase.com/organization/nesta-impactinvestments,"London, England, United Kingdom","Finance, Financial Services",24,3,38,impactinvesting@nesta.org.uk,https://nestainvestments.org.uk
Simpact Ventures,https://www.crunchbase.com/organization/simpact-vc,"Warsaw, Mazowieckie, Poland","Impact Investing, Social Impact, Venture Capital",32,,33,kontakt@simpact.vc,http://www.simpact.vc/
Founders Future,https://www.crunchbase.com/organization/founders-future,"Paris, Ile-de-France, France",Venture Capital,84,4,117,hello@foundersfuture.com,http://www.foundersfuture.com
Fonbulucu,https://www.crunchbase.com/organization/fonbulucu,"Çankaya, Ankara, Turkey","Crowdfunding, Financial Services, FinTech",73,1,83,info@fonbulucu.com,https://invest.fonbulucu.com/
Better Angle,https://www.crunchbase.com/organization/better-angle,"Paris, Ile-de-France, France",Venture Capital,49,1,51,contact@better-angle.com,https://www.better-angle.com/
Privilège Ventures,https://www.crunchbase.com/organization/privilege-ventures,"Lugano, Ticino, Switzerland",Venture Capital,17,,18,info@privilege-ventures.com,https://privilege-ventures.com/
SINTEF Venture AS,https://www.crunchbase.com/organization/sintef-tto,"Trondheim, Sor-Trondelag, Norway","Innovation Management, Venture Capital",24,5,34,info@sintef.no,http://www.sintef.no/en/tto
Apeiron Venture Capital,https://www.crunchbase.com/organization/apeiron-venture-capital,"Athens, Attiki, Greece","Finance, Venture Capital",3,,3,hello@apeiron.vc,https://apeiron.vc/
LVP,https://www.crunchbase.com/organization/london-venture-partners,"London, England, United Kingdom","Casual Games, Gaming, MMO Games, Online Games, Venture Capital, Video Games",56,17,84,info@londonvp.com,http://www.londonvp.com
LC Ventures,https://www.crunchbase.com/organization/lc-ventures,"Lisbon, Lisboa, Portugal",Venture Capital,19,2,25,info@lcv.pt,https://www.lcventures.pt
SpeedUp Venture Capital Group,https://www.crunchbase.com/organization/speedup-venture-capital-group,"Poznan, Wielkopolskie, Poland","Artificial Intelligence (AI), Energy Storage, Finance, Financial Services, Medical, Medical Device, Renewable Energy, Venture Capital",51,6,54,info@speedupgroup.com,http://speedupgroup.com
CitizenX,https://www.crunchbase.com/organization/citizenx,"Zug, Zug, Switzerland","Document Management, FinTech, Software",4,,4,support@citizenx.com,https://citizenx.com
CHECK24 Ventures,https://www.crunchbase.com/organization/check24-ventures,"Frankfurt, Hessen, Germany","Financial Services, FinTech, InsurTech, Internet, Marketplace, Software, Venture Capital",7,3,7,ventures@check24.de,https://check24.vc/
Satgana,https://www.crunchbase.com/organization/satgana,"Luxembourg, Luxembourg, Luxembourg","Incubators, Social Entrepreneurship, Social Impact, Sustainability, Venture Capital",17,,17,romain@satgana.com,http://satgana.com
StartupYard,https://www.crunchbase.com/organization/startupyard,"Praha, Hlavni mesto Praha, Czech Republic","Blockchain, Consulting, Cyber Security, Finance, Information Technology, Venture Capital, Virtual Reality",83,7,95,info@startupyard.com,http://startupyard.com/
Tomahawk.VC,https://www.crunchbase.com/organization/tomahawk-vc,"Zürich, Zurich, Switzerland","B2B, Blockchain, Financial Services, FinTech, Information Technology",18,1,25,hello@tomahawk.vc,https://www.tomahawk.vc/
Concrete Venture Capital,https://www.crunchbase.com/organization/concrete-venture-capital,"London, England, United Kingdom","Finance, Financial Services, PropTech, Real Estate, Venture Capital",25,4,28,info@concretevc.com,http://www.concretevc.com
Imbiba,https://www.crunchbase.com/organization/imbiba,"London, England, United Kingdom","Asset Management, Financial Services, Impact Investing, Venture Capital",9,2,10,info@imbiba.com,http://www.imbiba.com
Kale United,https://www.crunchbase.com/organization/kale-invest,"Stockholm, Stockholms Lan, Sweden","Angel Investment, Finance, GreenTech, Incubators, Venture Capital",19,2,23,info@kaleunited.com,http://kaleunited.com/
Unilever Ventures,https://www.crunchbase.com/organization/unilever-ventures,"London, England, United Kingdom","Financial Services, Venture Capital",100,31,155,uv.investments@unilever.com,http://www.unileverventures.com
KREAXI,https://www.crunchbase.com/organization/rhne-alpes-cration,"Limonest, Rhone-Alpes, France",Venture Capital,53,11,66,contact@kreaxi.com,http://www.kreaxi.com
Rocket Internet,https://www.crunchbase.com/organization/rocket-internet,"Berlin, Berlin, Germany","Finance, Financial Services, Incubators, Internet, Software",109,48,155,info@rocket-internet.com,https://www.rocket-internet.com/
Vanora Ventures,https://www.crunchbase.com/organization/vanora-ventures,"Besiktas, Istanbul, Turkey","Funding Platform, Impact Investing, Venture Capital",8,,9,hello@vanoraventures.com,https://vanoraventures.com/
